repo,status,stars,forks,pushed_at,default_branch,archived,repo_size_kb,has_weights,has_data_files,has_requirements,evidence
xuzijie32/ANN2SNN-CRPI,ok,2,0,2026-07-13T13:22:45Z,main,False,3620,,,,https://github.com/xuzijie32/ANN2SNN-CRPI
WanyuGroup/ICML2026_PhysNovo,ok,2,0,2026-05-13T07:08:03Z,main,False,51,,,,https://github.com/WanyuGroup/ICML2026_PhysNovo
LauMason/ViEEG,ok,4,0,2026-05-15T04:56:24Z,main,False,1682,,,,https://github.com/LauMason/ViEEG
kierenyyu/Patchcode,ok,2,0,2026-05-22T08:43:36Z,main,False,24,,,,https://github.com/kierenyyu/Patchcode
YXSong000/RNA-FM,ok,5,0,2026-06-17T09:09:29Z,main,False,214260,,,,https://github.com/YXSong000/RNA-FM
ZJUDataIntelligence/CONTEXTOR,ok,3,0,2026-05-23T02:41:41Z,main,False,2232,,,,https://github.com/ZJUDataIntelligence/CONTEXTOR
HKUSTGZ-ML4Health-Lab/Med-Scout,ok,16,1,2026-02-08T11:33:17Z,main,False,16001,,,,https://github.com/HKUSTGZ-ML4Health-Lab/Med-Scout
HowieHsu0126/NeuronControl,ok,1,0,2026-05-24T08:06:46Z,main,False,27831,,,,https://github.com/HowieHsu0126/NeuronControl
piooip/SynerMedGen,ok,4,0,2026-05-12T06:10:33Z,main,False,10507,,,,https://github.com/piooip/SynerMedGen
QomolangmaH/SpikeHTR,github_api_403,,,,,,,,,,https://github.com/QomolangmaH/SpikeHTR
darkflash03/FLAG,github_api_403,,,,,,,,,,https://github.com/darkflash03/FLAG
yzf-code/MMM-PPI,github_api_403,,,,,,,,,,https://github.com/yzf-code/MMM-PPI
HaitaoWuTJU/BrainJanus,github_api_403,,,,,,,,,,https://github.com/HaitaoWuTJU/BrainJanus
SII-WenjieLisjtu/MedScope,github_api_403,,,,,,,,,,https://github.com/SII-WenjieLisjtu/MedScope
duchenhe/DC-PnPDP,github_api_403,,,,,,,,,,https://github.com/duchenhe/DC-PnPDP
Criticality-Cognitive-Computation-Lab/COLA,github_api_403,,,,,,,,,,https://github.com/Criticality-Cognitive-Computation-Lab/COLA
JSGe-AI/PathCTM,github_api_403,,,,,,,,,,https://github.com/JSGe-AI/PathCTM
zygao930/MedCRP-CL,github_api_403,,,,,,,,,,https://github.com/zygao930/MedCRP-CL
Fancyssc/TEFormer,github_api_403,,,,,,,,,,https://github.com/Fancyssc/TEFormer
SII-zyj/Ophiuchus,github_api_403,,,,,,,,,,https://github.com/SII-zyj/Ophiuchus
CayleyZ/AdaS,github_api_403,,,,,,,,,,https://github.com/CayleyZ/AdaS
SunshineGreeny/PCRNet,github_api_403,,,,,,,,,,https://github.com/SunshineGreeny/PCRNet
ttruan2426-dot/scBIG,github_api_403,,,,,,,,,,https://github.com/ttruan2426-dot/scBIG
hzhou3/xMAE,github_api_403,,,,,,,,,,https://github.com/hzhou3/xMAE
YuyangSunshine/bioprotocolbench,github_api_403,,,,,,,,,,https://github.com/YuyangSunshine/bioprotocolbench
ZonghengGuo/SigmaPPG,github_api_403,,,,,,,,,,https://github.com/ZonghengGuo/SigmaPPG
PKUDigitalHealth/ECG-R1,github_api_403,,,,,,,,,,https://github.com/PKUDigitalHealth/ECG-R1
AI-HPC-Research-Team/ProtDiS,github_api_403,,,,,,,,,,https://github.com/AI-HPC-Research-Team/ProtDiS
Skyyyy0920/AFR-Net,github_api_403,,,,,,,,,,https://github.com/Skyyyy0920/AFR-Net
yyuChen9/FACT,github_api_403,,,,,,,,,,https://github.com/yyuChen9/FACT
zhourunhe/EEG-MoCE,github_api_403,,,,,,,,,,https://github.com/zhourunhe/EEG-MoCE
qic999/Foundation-VAE,github_api_403,,,,,,,,,,https://github.com/qic999/Foundation-VAE
AIogry/relative_PE,github_api_403,,,,,,,,,,https://github.com/AIogry/relative_PE
ZJU4HealthCare/TIF-GRPO,github_api_403,,,,,,,,,,https://github.com/ZJU4HealthCare/TIF-GRPO
UniverseOfUniverse/SORBE,github_api_403,,,,,,,,,,https://github.com/UniverseOfUniverse/SORBE
xw1216/EEG-FM-Bench,github_api_403,,,,,,,,,,https://github.com/xw1216/EEG-FM-Bench
MedAITech/SEI,github_api_403,,,,,,,,,,https://github.com/MedAITech/SEI
yang-ai-lab/SleepLM,github_api_403,,,,,,,,,,https://github.com/yang-ai-lab/SleepLM
By4te/ConfSleepNet_ICML2026,github_api_403,,,,,,,,,,https://github.com/By4te/ConfSleepNet_ICML2026
DeepGraphLearning/PerturbDiff,github_api_403,,,,,,,,,,https://github.com/DeepGraphLearning/PerturbDiff
Aofei-Chang/MedSIGHT,github_api_403,,,,,,,,,,https://github.com/Aofei-Chang/MedSIGHT
KIST-NCL/A2SG,github_api_403,,,,,,,,,,https://github.com/KIST-NCL/A2SG
xian-sh/SeeEmotion,github_api_403,,,,,,,,,,https://github.com/xian-sh/SeeEmotion
yang-ai-lab/OSF-Open-Sleep-FM,github_api_403,,,,,,,,,,https://github.com/yang-ai-lab/OSF-Open-Sleep-FM
Promise-Z5Q2SQ/EEG-Hallucination,github_api_403,,,,,,,,,,https://github.com/Promise-Z5Q2SQ/EEG-Hallucination
DopamineLcy/EviScreen,github_api_403,,,,,,,,,,https://github.com/DopamineLcy/EviScreen
yanweifu-sii/BSR-VideoMAE,github_api_403,,,,,,,,,,https://github.com/yanweifu-sii/BSR-VideoMAE
NJU-RL/MA-RAG,github_api_403,,,,,,,,,,https://github.com/NJU-RL/MA-RAG
compai-lab/2026-ICML-DDL,github_api_403,,,,,,,,,,https://github.com/compai-lab/2026-ICML-DDL
vpsg-research/CAME-Grad,github_api_403,,,,,,,,,,https://github.com/vpsg-research/CAME-Grad
MedARC-AI/CortexMAE,not_checked,,,,,,,,,,https://github.com/MedARC-AI/CortexMAE
MedARC-AI/Brainmarks,not_checked,,,,,,,,,,https://github.com/MedARC-AI/Brainmarks
marteczkah/RoVTL,not_checked,,,,,,,,,,https://github.com/marteczkah/RoVTL
BLEACH366/EvoEGF-Mol,not_checked,,,,,,,,,,https://github.com/BLEACH366/EvoEGF-Mol
zhn00310/RFML4MRI,not_checked,,,,,,,,,,https://github.com/zhn00310/RFML4MRI
Pusheen-cat/TCF_PFM,not_checked,,,,,,,,,,https://github.com/Pusheen-cat/TCF_PFM
hamings1/SpikingLM,not_checked,,,,,,,,,,https://github.com/hamings1/SpikingLM
BorgwardtLab/TEDBench,not_checked,,,,,,,,,,https://github.com/BorgwardtLab/TEDBench
bjing2016/switchcraft,not_checked,,,,,,,,,,https://github.com/bjing2016/switchcraft
CayleyZ/SPE,not_checked,,,,,,,,,,https://github.com/CayleyZ/SPE
LinaZhangUCLA/SeizureSemiologySuite,not_checked,,,,,,,,,,https://github.com/LinaZhangUCLA/SeizureSemiologySuite
CayleyZ/SmoothSpike,not_checked,,,,,,,,,,https://github.com/CayleyZ/SmoothSpike
nblauch/fovi,not_checked,,,,,,,,,,https://github.com/nblauch/fovi
Gift-OYS/PDAgent,not_checked,,,,,,,,,,https://github.com/Gift-OYS/PDAgent
Jan8217/GlobalHealthAtlas,not_checked,,,,,,,,,,https://github.com/Jan8217/GlobalHealthAtlas
TaoWangPenn/Risk-Optimal-Conformal-Prediction,not_checked,,,,,,,,,,https://github.com/TaoWangPenn/Risk-Optimal-Conformal-Prediction
YichenLuo-0/CAML,not_checked,,,,,,,,,,https://github.com/YichenLuo-0/CAML
safe-autonomy-lab/GlucoSim,not_checked,,,,,,,,,,https://github.com/safe-autonomy-lab/GlucoSim
safe-autonomy-lab/GlucoAlg,not_checked,,,,,,,,,,https://github.com/safe-autonomy-lab/GlucoAlg
TaikiMiyagawa/Kaplan-Meier-Average-Run-Length,not_checked,,,,,,,,,,https://github.com/TaikiMiyagawa/Kaplan-Meier-Average-Run-Length
soobin-um/jepa-guidance,not_checked,,,,,,,,,,https://github.com/soobin-um/jepa-guidance
smiling-world/JADE,not_checked,,,,,,,,,,https://github.com/smiling-world/JADE
AnthonyZhangYan/RAMBO,not_checked,,,,,,,,,,https://github.com/AnthonyZhangYan/RAMBO
mit-han-lab/vcpo,not_checked,,,,,,,,,,https://github.com/mit-han-lab/vcpo
Y-Research-SBU/SPROUT,not_checked,,,,,,,,,,https://github.com/Y-Research-SBU/SPROUT
qwenpilot/NSR,not_checked,,,,,,,,,,https://github.com/qwenpilot/NSR
zhangda1018/MedMamba,not_checked,,,,,,,,,,https://github.com/zhangda1018/MedMamba
jinlab-imvr/3DMedAgent,not_checked,,,,,,,,,,https://github.com/jinlab-imvr/3DMedAgent
eurecom-probai/functional-kl,not_checked,,,,,,,,,,https://github.com/eurecom-probai/functional-kl
hongruijia/DPE,not_checked,,,,,,,,,,https://github.com/hongruijia/DPE
Zhubaoheng/Graph-GRPO,not_checked,,,,,,,,,,https://github.com/Zhubaoheng/Graph-GRPO
BosonHwang/LVCG,not_checked,,,,,,,,,,https://github.com/BosonHwang/LVCG
hsme98/weince,not_checked,,,,,,,,,,https://github.com/hsme98/weince
WanjinVon/TS_Predictability,not_checked,,,,,,,,,,https://github.com/WanjinVon/TS_Predictability
hexixiang/Advantage-Collapse-Rate,not_checked,,,,,,,,,,https://github.com/hexixiang/Advantage-Collapse-Rate
Seunghyeok0715/CLAMP,not_checked,,,,,,,,,,https://github.com/Seunghyeok0715/CLAMP
ml-postech/gflownet-composition,not_checked,,,,,,,,,,https://github.com/ml-postech/gflownet-composition
zjy1298/The-Tell-Tale-Norm,not_checked,,,,,,,,,,https://github.com/zjy1298/The-Tell-Tale-Norm
Yunhao-Feng/SkillTrojan,not_checked,,,,,,,,,,https://github.com/Yunhao-Feng/SkillTrojan
lwd17/strategy-execute-pipeline,not_checked,,,,,,,,,,https://github.com/lwd17/strategy-execute-pipeline
YZY010418/PepMirror,not_checked,,,,,,,,,,https://github.com/YZY010418/PepMirror
microsoft/rd-agent,not_checked,,,,,,,,,,https://github.com/microsoft/rd-agent
WeiminWu2000/Genome_Factory,not_checked,,,,,,,,,,https://github.com/WeiminWu2000/Genome_Factory
KAST-BAR/KAST-BAR,not_checked,,,,,,,,,,https://github.com/KAST-BAR/KAST-BAR
hangeol/UniR,not_checked,,,,,,,,,,https://github.com/hangeol/UniR
dhruvdcoder/LoFlexMDM,not_checked,,,,,,,,,,https://github.com/dhruvdcoder/LoFlexMDM
LAMDA-NeSy/VT-Bench,not_checked,,,,,,,,,,https://github.com/LAMDA-NeSy/VT-Bench
0xCavaliers/Furina_Jailbreak,not_checked,,,,,,,,,,https://github.com/0xCavaliers/Furina_Jailbreak
CTT-Pavilion/_HypoSpace,not_checked,,,,,,,,,,https://github.com/CTT-Pavilion/_HypoSpace
daiheng-zhang/STRIDE,not_checked,,,,,,,,,,https://github.com/daiheng-zhang/STRIDE
FudanCVL/Unison,not_checked,,,,,,,,,,https://github.com/FudanCVL/Unison
inclusionAI/UI-Venus,not_checked,,,,,,,,,,https://github.com/inclusionAI/UI-Venus
Xinyu-Pang/Deliberate-Evolution,not_checked,,,,,,,,,,https://github.com/Xinyu-Pang/Deliberate-Evolution
GTS-AIData/EDCO,not_checked,,,,,,,,,,https://github.com/GTS-AIData/EDCO
ala1705/MacroGuide,not_checked,,,,,,,,,,https://github.com/ala1705/MacroGuide
Lslland/Surgery,not_checked,,,,,,,,,,https://github.com/Lslland/Surgery
grandsmile/UniCode,not_checked,,,,,,,,,,https://github.com/grandsmile/UniCode
smithhenryd/cgm,not_checked,,,,,,,,,,https://github.com/smithhenryd/cgm
MahdiSaberii/CycMit-MRI,not_checked,,,,,,,,,,https://github.com/MahdiSaberii/CycMit-MRI
ysk-kano/GRACE,not_checked,,,,,,,,,,https://github.com/ysk-kano/GRACE
SoY0ung/ProConMV,not_checked,,,,,,,,,,https://github.com/SoY0ung/ProConMV
MagixRab-ll/Retro-Expert,not_checked,,,,,,,,,,https://github.com/MagixRab-ll/Retro-Expert
FreedomIntelligence/HuatuoGPT-3,not_checked,,,,,,,,,,https://github.com/FreedomIntelligence/HuatuoGPT-3
mianqiu00/MuCO,not_checked,,,,,,,,,,https://github.com/mianqiu00/MuCO
gjhgjbkg/SMMF,not_checked,,,,,,,,,,https://github.com/gjhgjbkg/SMMF
MLAI-Yonsei/FANS,not_checked,,,,,,,,,,https://github.com/MLAI-Yonsei/FANS
HengruiLou/Cello,not_checked,,,,,,,,,,https://github.com/HengruiLou/Cello
chillibeaver/PRS-Diag,not_checked,,,,,,,,,,https://github.com/chillibeaver/PRS-Diag
Linmj-Judy/BioDynaSpec,not_checked,,,,,,,,,,https://github.com/Linmj-Judy/BioDynaSpec
MingYangi/MoMST,not_checked,,,,,,,,,,https://github.com/MingYangi/MoMST
Idsl-group/NeurOCNN,not_checked,,,,,,,,,,https://github.com/Idsl-group/NeurOCNN
ccsnow127/docsearch,not_checked,,,,,,,,,,https://github.com/ccsnow127/docsearch
abtinmU/FairSSL,not_checked,,,,,,,,,,https://github.com/abtinmU/FairSSL
WanyuGroup/ICML2026-DKMP,not_checked,,,,,,,,,,https://github.com/WanyuGroup/ICML2026-DKMP
lzz-z/MCCE,not_checked,,,,,,,,,,https://github.com/lzz-z/MCCE
Stanford-AIMI/Symbal,not_checked,,,,,,,,,,https://github.com/Stanford-AIMI/Symbal
yuchang97/GFG-public,not_checked,,,,,,,,,,https://github.com/yuchang97/GFG-public
ScottLiao920/verl-retro-agent,not_checked,,,,,,,,,,https://github.com/ScottLiao920/verl-retro-agent
WanyuGroup/ICML2026_SpaRE,not_checked,,,,,,,,,,https://github.com/WanyuGroup/ICML2026_SpaRE
